<application>
  <component name="GitRememberedInputs">
    <option name="visitedUrls">
      <list>
        <UrlAndUserName>
          <option name="url" value="http://git.meicloud.com/PROJ/CCS/monalisa/monalisa-system-center.git" />
          <option name="userName" value="" />
        </UrlAndUserName>
        <UrlAndUserName>
          <option name="url" value="http://git.meicloud.com" />
          <option name="userName" value="zhangth23" />
        </UrlAndUserName>
        <UrlAndUserName>
          <option name="url" value="http://gitlab.monalisagroup.com.cn/ccs/monalisa-analysis-center.git" />
          <option name="userName" value="" />
        </UrlAndUserName>
        <UrlAndUserName>
          <option name="url" value="http://gitlab.monalisagroup.com.cn" />
          <option name="userName" value="zhangth23" />
        </UrlAndUserName>
        <UrlAndUserName>
          <option name="url" value="http://git.meicloud.com/PROJ/BA/monalisa/monalisa-message-center.git" />
          <option name="userName" value="" />
        </UrlAndUserName>
        <UrlAndUserName>
          <option name="url" value="http://git.meicloud.com/PROJ/CCS/monalisa/monalisa-base-center.git" />
          <option name="userName" value="" />
        </UrlAndUserName>
        <UrlAndUserName>
          <option name="url" value="http://gitlab.monalisagroup.com.cn/ccs/monalisa-ccs-common-web.git" />
          <option name="userName" value="" />
        </UrlAndUserName>
        <UrlAndUserName>
          <option name="url" value="http://gitlab.monalisagroup.com.cn/ccs/monalisa-marketing-center.git" />
          <option name="userName" value="" />
        </UrlAndUserName>
        <UrlAndUserName>
          <option name="url" value="http://gitlab.monalisagroup.com.cn/ccs/monalisa-ccs-mobile-web.git" />
          <option name="userName" value="" />
        </UrlAndUserName>
        <UrlAndUserName>
          <option name="url" value="http://git.meicloud.com/PROJ/CCS/monalisa/mp-file-center.git" />
          <option name="userName" value="" />
        </UrlAndUserName>
        <UrlAndUserName>
          <option name="url" value="http://gitlab.monalisagroup.com.cn/ccs/monalisa-bus-admin-web.git" />
          <option name="userName" value="" />
        </UrlAndUserName>
        <UrlAndUserName>
          <option name="url" value="http://gitlab.monalisagroup.com.cn/ccs/db-script.git" />
          <option name="userName" value="" />
        </UrlAndUserName>
        <UrlAndUserName>
          <option name="url" value="http://gitlab.monalisagroup.com.cn/ccs/monalisa-ccs-config.git" />
          <option name="userName" value="" />
        </UrlAndUserName>
      </list>
    </option>
    <option name="cloneParentDir" value="E:\Program Files\monalisa\project" />
  </component>
  <component name="Vcs.Log.App.Settings">
    <option name="COLUMN_ID_ORDER">
      <list>
        <option value="Default.Root" />
        <option value="Default.Subject" />
        <option value="Default.Author" />
        <option value="Default.Date" />
        <option value="Space.CommitStatus" />
      </list>
    </option>
  </component>
</application>