<application>
  <component name="AppStorage">
    <option name="newTranslationDialogWidth" value="598" />
    <option name="newTranslationDialogX" value="495" />
    <option name="newTranslationDialogY" value="271" />
    <histories>
      <item value="Comma" />
      <item value="Thank you for using GitHub Copilot. Your extended access ends in six days." />
    </histories>
    <option name="languageScores">
      <map>
        <entry key="CHINESE" value="2" />
      </map>
    </option>
  </component>
  <component name="Cache">
    <option name="lastTrimTime" value="1661222479282" />
  </component>
</application>