<keymap version="1" name="Windows copy" parent="$default">
  <action id="CompileDirty">
    <keyboard-shortcut first-keystroke="ctrl f9" />
    <keyboard-shortcut first-keystroke="ctrl s" />
  </action>
  <action id="GotoNextError" />
  <action id="RenameElement">
    <keyboard-shortcut first-keystroke="shift f6" />
    <keyboard-shortcut first-keystroke="f2" />
  </action>
  <action id="SaveAll" />
  <action id="WelcomeScreen.RevealIn">
    <keyboard-shortcut first-keystroke="f3" />
  </action>
</keymap>